,age,alone,class=First,class=Second,class=Third,embarked=C,embarked=Q,embarked=S,fare,is_male,parch,pclass,sibsp,survived,who=child,who=man,who=woman
0,22,0,0,0,1,0,0,1,7,1,0,3,1,0,0,1,0
1,38,0,1,0,0,1,0,0,71,0,0,1,1,1,0,0,1
2,26,1,0,0,1,0,0,1,7,0,0,3,0,1,0,0,1
3,35,0,1,0,0,0,0,1,53,0,0,1,1,1,0,0,1
4,35,1,0,0,1,0,0,1,8,1,0,3,0,0,0,1,0
5,33,1,0,0,1,0,1,0,8,1,0,3,0,0,0,1,0
6,54,1,1,0,0,0,0,1,51,1,0,1,0,0,0,1,0
7,2,0,0,0,1,0,0,1,21,1,1,3,3,0,1,0,0
8,27,0,0,0,1,0,0,1,11,0,2,3,0,1,0,0,1
9,14,0,0,1,0,1,0,0,30,0,0,2,1,1,1,0,0
10,4,0,0,0,1,0,0,1,16,0,1,3,1,1,1,0,0
11,58,1,1,0,0,0,0,1,26,0,0,1,0,1,0,0,1
12,20,1,0,0,1,0,0,1,8,1,0,3,0,0,0,1,0
13,39,0,0,0,1,0,0,1,31,1,5,3,1,0,0,1,0
14,14,1,0,0,1,0,0,1,7,0,0,3,0,0,1,0,0
15,55,1,0,1,0,0,0,1,16,0,0,2,0,1,0,0,1
16,2,0,0,0,1,0,1,0,29,1,1,3,4,0,1,0,0
17,33,1,0,1,0,0,0,1,13,1,0,2,0,1,0,1,0
18,31,0,0,0,1,0,0,1,18,0,0,3,1,0,0,0,1
19,32,1,0,0,1,1,0,0,7,0,0,3,0,1,0,0,1
20,35,1,0,1,0,0,0,1,26,1,0,2,0,0,0,1,0
21,34,1,0,1,0,0,0,1,13,1,0,2,0,1,0,1,0
22,15,1,0,0,1,0,1,0,8,0,0,3,0,1,1,0,0
23,28,1,1,0,0,0,0,1,35,1,0,1,0,1,0,1,0
24,8,0,0,0,1,0,0,1,21,0,1,3,3,0,1,0,0
25,38,0,0,0,1,0,0,1,31,0,5,3,1,1,0,0,1
26,33,1,0,0,1,1,0,0,7,1,0,3,0,0,0,1,0
27,19,0,1,0,0,0,0,1,263,1,2,1,3,0,0,1,0
28,32,1,0,0,1,0,1,0,7,0,0,3,0,1,0,0,1
29,33,1,0,0,1,0,0,1,7,1,0,3,0,0,0,1,0
30,40,1,1,0,0,1,0,0,27,1,0,1,0,0,0,1,0
31,32,0,1,0,0,1,0,0,146,0,0,1,1,1,0,0,1
32,32,1,0,0,1,0,1,0,7,0,0,3,0,1,0,0,1
33,66,1,0,1,0,0,0,1,10,1,0,2,0,0,0,1,0
34,28,0,1,0,0,1,0,0,82,1,0,1,1,0,0,1,0
35,42,0,1,0,0,0,0,1,52,1,0,1,1,0,0,1,0
36,33,1,0,0,1,1,0,0,7,1,0,3,0,1,0,1,0
37,21,1,0,0,1,0,0,1,8,1,0,3,0,0,0,1,0
38,18,0,0,0,1,0,0,1,18,0,0,3,2,0,0,0,1
39,14,0,0,0,1,1,0,0,11,0,0,3,1,1,1,0,0
40,40,0,0,0,1,0,0,1,9,0,0,3,1,0,0,0,1
41,27,0,0,1,0,0,0,1,21,0,0,2,1,0,0,0,1
42,33,1,0,0,1,1,0,0,7,1,0,3,0,0,0,1,0
43,3,0,0,1,0,1,0,0,41,0,2,2,1,1,1,0,0
44,19,1,0,0,1,0,1,0,7,0,0,3,0,1,0,0,1
45,33,1,0,0,1,0,0,1,8,1,0,3,0,0,0,1,0
46,33,0,0,0,1,0,1,0,15,1,0,3,1,0,0,1,0
47,32,1,0,0,1,0,1,0,7,0,0,3,0,1,0,0,1
48,33,0,0,0,1,1,0,0,21,1,0,3,2,0,0,1,0
49,18,0,0,0,1,0,0,1,17,0,0,3,1,0,0,0,1
50,7,0,0,0,1,0,0,1,39,1,1,3,4,0,1,0,0
51,21,1,0,0,1,0,0,1,7,1,0,3,0,0,0,1,0
52,49,0,1,0,0,1,0,0,76,0,0,1,1,1,0,0,1
53,29,0,0,1,0,0,0,1,26,0,0,2,1,1,0,0,1
54,65,0,1,0,0,1,0,0,61,1,1,1,0,0,0,1,0
55,33,1,1,0,0,0,0,1,35,1,0,1,0,1,0,1,0
56,21,1,0,1,0,0,0,1,10,0,0,2,0,1,0,0,1
57,28,1,0,0,1,1,0,0,7,1,0,3,0,0,0,1,0
58,5,0,0,1,0,0,0,1,27,0,2,2,1,1,1,0,0
59,11,0,0,0,1,0,0,1,46,1,2,3,5,0,1,0,0
60,22,1,0,0,1,1,0,0,7,1,0,3,0,0,0,1,0
61,38,1,1,0,0,0,0,1,80,0,0,1,0,1,0,0,1
62,45,0,1,0,0,0,0,1,83,1,0,1,1,0,0,1,0
63,4,0,0,0,1,0,0,1,27,1,2,3,3,0,1,0,0
64,33,1,1,0,0,1,0,0,27,1,0,1,0,0,0,1,0
65,33,0,0,0,1,1,0,0,15,1,1,3,1,1,0,1,0
66,29,1,0,1,0,0,0,1,10,0,0,2,0,1,0,0,1
67,19,1,0,0,1,0,0,1,8,1,0,3,0,0,0,1,0
68,17,0,0,0,1,0,0,1,7,0,2,3,4,1,0,0,1
69,26,0,0,0,1,0,0,1,8,1,0,3,2,0,0,1,0
70,32,1,0,1,0,0,0,1,10,1,0,2,0,0,0,1,0
71,16,0,0,0,1,0,0,1,46,0,2,3,5,0,0,0,1
72,21,1,0,1,0,0,0,1,73,1,0,2,0,0,0,1,0
73,26,0,0,0,1,1,0,0,14,1,0,3,1,0,0,1,0
74,32,1,0,0,1,0,0,1,56,1,0,3,0,1,0,1,0
75,25,1,0,0,1,0,0,1,7,1,0,3,0,0,0,1,0
76,33,1,0,0,1,0,0,1,7,1,0,3,0,0,0,1,0
77,33,1,0,0,1,0,0,1,8,1,0,3,0,0,0,1,0
78,0,0,0,1,0,0,0,1,29,1,2,2,0,1,1,0,0
79,30,1,0,0,1,0,0,1,12,0,0,3,0,1,0,0,1
80,22,1,0,0,1,0,0,1,9,1,0,3,0,0,0,1,0
81,29,1,0,0,1,0,0,1,9,1,0,3,0,1,0,1,0
82,32,1,0,0,1,0,1,0,7,0,0,3,0,1,0,0,1
83,28,1,1,0,0,0,0,1,47,1,0,1,0,0,0,1,0
84,17,1,0,1,0,0,0,1,10,0,0,2,0,1,0,0,1
85,33,0,0,0,1,0,0,1,15,0,0,3,3,1,0,0,1
86,16,0,0,0,1,0,0,1,34,1,3,3,1,0,0,1,0
87,33,1,0,0,1,0,0,1,8,1,0,3,0,0,0,1,0
88,23,0,1,0,0,0,0,1,263,0,2,1,3,1,0,0,1
89,24,1,0,0,1,0,0,1,8,1,0,3,0,0,0,1,0
90,29,1,0,0,1,0,0,1,8,1,0,3,0,0,0,1,0
91,20,1,0,0,1,0,0,1,7,1,0,3,0,0,0,1,0
92,46,0,1,0,0,0,0,1,61,1,0,1,1,0,0,1,0
93,26,0,0,0,1,0,0,1,20,1,2,3,1,0,0,1,0
94,59,1,0,0,1,0,0,1,7,1,0,3,0,0,0,1,0
95,33,1,0,0,1,0,0,1,8,1,0,3,0,0,0,1,0
96,71,1,1,0,0,1,0,0,34,1,0,1,0,0,0,1,0
97,23,0,1,0,0,1,0,0,63,1,1,1,0,1,0,1,0
98,34,0,0,1,0,0,0,1,23,0,1,2,0,1,0,0,1
99,34,0,0,1,0,0,0,1,26,1,0,2,1,0,0,1,0
100,28,1,0,0,1,0,0,1,7,0,0,3,0,0,0,0,1
101,33,1,0,0,1,0,0,1,7,1,0,3,0,0,0,1,0
102,21,0,1,0,0,0,0,1,77,1,1,1,0,0,0,1,0
103,33,1,0,0,1,0,0,1,8,1,0,3,0,0,0,1,0
104,37,0,0,0,1,0,0,1,7,1,0,3,2,0,0,1,0
105,28,1,0,0,1,0,0,1,7,1,0,3,0,0,0,1,0
106,21,1,0,0,1,0,0,1,7,0,0,3,0,1,0,0,1
107,33,1,0,0,1,0,0,1,7,1,0,3,0,1,0,1,0
108,38,1,0,0,1,0,0,1,7,1,0,3,0,0,0,1,0
109,32,0,0,0,1,0,1,0,24,0,0,3,1,1,0,0,1
110,47,1,1,0,0,0,0,1,52,1,0,1,0,0,0,1,0
111,14,0,0,0,1,1,0,0,14,0,0,3,1,0,1,0,0
112,22,1,0,0,1,0,0,1,8,1,0,3,0,0,0,1,0
113,20,0,0,0,1,0,0,1,9,0,0,3,1,0,0,0,1
114,17,1,0,0,1,1,0,0,14,0,0,3,0,0,0,0,1
115,21,1,0,0,1,0,0,1,7,1,0,3,0,0,0,1,0
116,70,1,0,0,1,0,1,0,7,1,0,3,0,0,0,1,0
117,29,0,0,1,0,0,0,1,21,1,0,2,1,0,0,1,0
118,24,0,1,0,0,1,0,0,247,1,1,1,0,0,0,1,0
119,2,0,0,0,1,0,0,1,31,0,2,3,4,0,1,0,0
120,21,0,0,1,0,0,0,1,73,1,0,2,2,0,0,1,0
121,33,1,0,0,1,0,0,1,8,1,0,3,0,0,0,1,0
122,32,0,0,1,0,1,0,0,30,1,0,2,1,0,0,1,0
123,32,1,0,1,0,0,0,1,13,0,0,2,0,1,0,0,1
124,54,0,1,0,0,0,0,1,77,1,1,1,0,0,0,1,0
125,12,0,0,0,1,1,0,0,11,1,0,3,1,1,1,0,0
126,33,1,0,0,1,0,1,0,7,1,0,3,0,0,0,1,0
127,24,1,0,0,1,0,0,1,7,1,0,3,0,1,0,1,0
128,32,0,0,0,1,1,0,0,22,0,1,3,1,1,0,0,1
129,45,1,0,0,1,0,0,1,6,1,0,3,0,0,0,1,0
130,33,1,0,0,1,1,0,0,7,1,0,3,0,0,0,1,0
131,20,1,0,0,1,0,0,1,7,1,0,3,0,0,0,1,0
132,47,0,0,0,1,0,0,1,14,0,0,3,1,0,0,0,1
133,29,0,0,1,0,0,0,1,26,0,0,2,1,1,0,0,1
134,25,1,0,1,0,0,0,1,13,1,0,2,0,0,0,1,0
135,23,1,0,1,0,1,0,0,15,1,0,2,0,0,0,1,0
136,19,0,1,0,0,0,0,1,26,0,2,1,0,1,0,0,1
137,37,0,1,0,0,0,0,1,53,1,0,1,1,0,0,1,0
138,16,1,0,0,1,0,0,1,9,1,0,3,0,0,0,1,0
139,24,1,1,0,0,1,0,0,79,1,0,1,0,0,0,1,0
140,32,0,0,0,1,1,0,0,15,0,2,3,0,0,0,0,1
141,22,1,0,0,1,0,0,1,7,0,0,3,0,1,0,0,1
142,24,0,0,0,1,0,0,1,15,0,0,3,1,1,0,0,1
143,19,1,0,0,1,0,1,0,6,1,0,3,0,0,0,1,0
144,18,1,0,1,0,0,0,1,11,1,0,2,0,0,0,1,0
145,19,0,0,1,0,0,0,1,36,1,1,2,1,0,0,1,0
146,27,1,0,0,1,0,0,1,7,1,0,3,0,1,0,1,0
147,9,0,0,0,1,0,0,1,34,0,2,3,2,0,1,0,0
148,36,0,0,1,0,0,0,1,26,1,2,2,0,0,0,1,0
149,42,1,0,1,0,0,0,1,13,1,0,2,0,0,0,1,0
150,51,1,0,1,0,0,0,1,12,1,0,2,0,0,0,1,0
151,22,0,1,0,0,0,0,1,66,0,0,1,1,1,0,0,1
152,55,1,0,0,1,0,0,1,8,1,0,3,0,0,0,1,0
153,40,0,0,0,1,0,0,1,14,1,2,3,0,0,0,1,0
154,33,1,0,0,1,0,0,1,7,1,0,3,0,0,0,1,0
155,51,0,1,0,0,1,0,0,61,1,1,1,0,0,0,1,0
156,16,1,0,0,1,0,1,0,7,0,0,3,0,1,0,0,1
157,30,1,0,0,1,0,0,1,8,1,0,3,0,0,0,1,0
158,33,1,0,0,1,0,0,1,8,1,0,3,0,0,0,1,0
159,33,0,0,0,1,0,0,1,69,1,2,3,8,0,0,1,0
160,44,0,0,0,1,0,0,1,16,1,1,3,0,0,0,1,0
161,40,1,0,1,0,0,0,1,15,0,0,2,0,1,0,0,1
162,26,1,0,0,1,0,0,1,7,1,0,3,0,0,0,1,0
163,17,1,0,0,1,0,0,1,8,1,0,3,0,0,0,1,0
164,1,0,0,0,1,0,0,1,39,1,1,3,4,0,1,0,0
165,9,0,0,0,1,0,0,1,20,1,2,3,0,1,1,0,0
166,32,0,1,0,0,0,0,1,55,0,1,1,0,1,0,0,1
167,45,0,0,0,1,0,0,1,27,0,4,3,1,0,0,0,1
168,33,1,1,0,0,0,0,1,25,1,0,1,0,0,0,1,0
169,28,1,0,0,1,0,0,1,56,1,0,3,0,0,0,1,0
170,61,1,1,0,0,0,0,1,33,1,0,1,0,0,0,1,0
171,4,0,0,0,1,0,1,0,29,1,1,3,4,0,1,0,0
172,1,0,0,0,1,0,0,1,11,0,1,3,1,1,1,0,0
173,21,1,0,0,1,0,0,1,7,1,0,3,0,0,0,1,0
174,56,1,1,0,0,1,0,0,30,1,0,1,0,0,0,1,0
175,18,0,0,0,1,0,0,1,7,1,1,3,1,0,0,1,0
176,33,0,0,0,1,0,0,1,25,1,1,3,3,0,0,1,0
177,50,1,1,0,0,1,0,0,28,0,0,1,0,0,0,0,1
178,30,1,0,1,0,0,0,1,13,1,0,2,0,0,0,1,0
179,36,1,0,0,1,0,0,1,0,1,0,3,0,0,0,1,0
180,32,0,0,0,1,0,0,1,69,0,2,3,8,0,0,0,1
181,33,1,0,1,0,1,0,0,15,1,0,2,0,0,0,1,0
182,9,0,0,0,1,0,0,1,31,1,2,3,4,0,1,0,0
183,1,0,0,1,0,0,0,1,39,1,1,2,2,1,1,0,0
184,4,0,0,0,1,0,0,1,22,0,2,3,0,1,1,0,0
185,33,1,1,0,0,0,0,1,50,1,0,1,0,0,0,1,0
186,32,0,0,0,1,0,1,0,15,0,0,3,1,1,0,0,1
187,45,1,1,0,0,0,0,1,26,1,0,1,0,1,0,1,0
188,40,0,0,0,1,0,1,0,15,1,1,3,1,0,0,1,0
189,36,1,0,0,1,0,0,1,7,1,0,3,0,0,0,1,0
190,32,1,0,1,0,0,0,1,13,0,0,2,0,1,0,0,1
191,19,1,0,1,0,0,0,1,13,1,0,2,0,0,0,1,0
192,19,0,0,0,1,0,0,1,7,0,0,3,1,1,0,0,1
193,3,0,0,1,0,0,0,1,26,1,1,2,1,1,1,0,0
194,44,1,1,0,0,1,0,0,27,0,0,1,0,1,0,0,1
195,58,1,1,0,0,1,0,0,146,0,0,1,0,1,0,0,1
196,33,1,0,0,1,0,1,0,7,1,0,3,0,0,0,1,0
197,42,0,0,0,1,0,0,1,8,1,1,3,0,0,0,1,0
198,32,1,0,0,1,0,1,0,7,0,0,3,0,1,0,0,1
199,24,1,0,1,0,0,0,1,13,0,0,2,0,0,0,0,1
200,28,1,0,0,1,0,0,1,9,1,0,3,0,0,0,1,0
201,33,0,0,0,1,0,0,1,69,1,2,3,8,0,0,1,0
202,34,1,0,0,1,0,0,1,6,1,0,3,0,0,0,1,0
203,45,1,0,0,1,1,0,0,7,1,0,3,0,0,0,1,0
204,18,1,0,0,1,0,0,1,8,1,0,3,0,1,0,1,0
205,2,0,0,0,1,0,0,1,10,0,1,3,0,0,1,0,0
206,32,0,0,0,1,0,0,1,15,1,0,3,1,0,0,1,0
207,26,1,0,0,1,1,0,0,18,1,0,3,0,1,0,1,0
208,16,1,0,0,1,0,1,0,7,0,0,3,0,1,0,0,1
209,40,1,1,0,0,1,0,0,31,1,0,1,0,1,0,1,0
210,24,1,0,0,1,0,0,1,7,1,0,3,0,0,0,1,0
211,35,1,0,1,0,0,0,1,21,0,0,2,0,1,0,0,1
212,22,1,0,0,1,0,0,1,7,1,0,3,0,0,0,1,0
213,30,1,0,1,0,0,0,1,13,1,0,2,0,0,0,1,0
214,33,0,0,0,1,0,1,0,7,1,0,3,1,0,0,1,0
215,31,0,1,0,0,1,0,0,113,0,0,1,1,1,0,0,1
216,27,1,0,0,1,0,0,1,7,0,0,3,0,1,0,0,1
217,42,0,0,1,0,0,0,1,27,1,0,2,1,0,0,1,0
218,32,1,1,0,0,1,0,0,76,0,0,1,0,1,0,0,1
219,30,1,0,1,0,0,0,1,10,1,0,2,0,0,0,1,0
220,16,1,0,0,1,0,0,1,8,1,0,3,0,1,0,1,0
221,27,1,0,1,0,0,0,1,13,1,0,2,0,0,0,1,0
222,51,1,0,0,1,0,0,1,8,1,0,3,0,0,0,1,0
223,33,1,0,0,1,0,0,1,7,1,0,3,0,0,0,1,0
224,38,0,1,0,0,0,0,1,90,1,0,1,1,1,0,1,0
225,22,1,0,0,1,0,0,1,9,1,0,3,0,0,0,1,0
226,19,1,0,1,0,0,0,1,10,1,0,2,0,1,0,1,0
227,20,1,0,0,1,0,0,1,7,1,0,3,0,0,0,1,0
228,18,1,0,1,0,0,0,1,13,1,0,2,0,0,0,1,0
229,32,0,0,0,1,0,0,1,25,0,1,3,3,0,0,0,1
230,35,0,1,0,0,0,0,1,83,0,0,1,1,1,0,0,1
231,29,1,0,0,1,0,0,1,7,1,0,3,0,0,0,1,0
232,59,1,0,1,0,0,0,1,13,1,0,2,0,0,0,1,0
233,5,0,0,0,1,0,0,1,31,0,2,3,4,1,1,0,0
234,24,1,0,1,0,0,0,1,10,1,0,2,0,0,0,1,0
235,32,1,0,0,1,0,0,1,7,0,0,3,0,0,0,0,1
236,44,0,0,1,0,0,0,1,26,1,0,2,1,0,0,1,0
237,8,0,0,1,0,0,0,1,26,0,2,2,0,1,1,0,0
238,19,1,0,1,0,0,0,1,10,1,0,2,0,0,0,1,0
239,33,1,0,1,0,0,0,1,12,1,0,2,0,0,0,1,0
240,32,0,0,0,1,1,0,0,14,0,0,3,1,0,0,0,1
241,32,0,0,0,1,0,1,0,15,0,0,3,1,1,0,0,1
242,29,1,0,1,0,0,0,1,10,1,0,2,0,0,0,1,0
243,22,1,0,0,1,0,0,1,7,1,0,3,0,0,0,1,0
244,30,1,0,0,1,1,0,0,7,1,0,3,0,0,0,1,0
245,44,0,1,0,0,0,1,0,90,1,0,1,2,0,0,1,0
246,25,1,0,0,1,0,0,1,7,0,0,3,0,0,0,0,1
247,24,0,0,1,0,0,0,1,14,0,2,2,0,1,0,0,1
248,37,0,1,0,0,0,0,1,52,1,1,1,1,1,0,1,0
249,54,0,0,1,0,0,0,1,26,1,0,2,1,0,0,1,0
250,33,1,0,0,1,0,0,1,7,1,0,3,0,0,0,1,0
251,29,0,0,0,1,0,0,1,10,0,1,3,1,0,0,0,1
252,62,1,1,0,0,0,0,1,26,1,0,1,0,0,0,1,0
253,30,0,0,0,1,0,0,1,16,1,0,3,1,0,0,1,0
254,41,0,0,0,1,0,0,1,20,0,2,3,0,0,0,0,1
255,29,0,0,0,1,1,0,0,15,0,2,3,0,1,0,0,1
256,32,1,1,0,0,1,0,0,79,0,0,1,0,1,0,0,1
257,30,1,1,0,0,0,0,1,86,0,0,1,0,1,0,0,1
258,35,1,1,0,0,1,0,0,512,0,0,1,0,1,0,0,1
259,50,0,0,1,0,0,0,1,26,0,1,2,0,1,0,0,1
260,33,1,0,0,1,0,1,0,7,1,0,3,0,0,0,1,0
261,3,0,0,0,1,0,0,1,31,1,2,3,4,1,1,0,0
262,52,0,1,0,0,0,0,1,79,1,1,1,1,0,0,1,0
263,40,1,1,0,0,0,0,1,0,1,0,1,0,0,0,1,0
264,32,1,0,0,1,0,1,0,7,0,0,3,0,0,0,0,1
265,36,1,0,1,0,0,0,1,10,1,0,2,0,0,0,1,0
266,16,0,0,0,1,0,0,1,39,1,1,3,4,0,0,1,0
267,25,0,0,0,1,0,0,1,7,1,0,3,1,1,0,1,0
268,58,0,1,0,0,0,0,1,153,0,1,1,0,1,0,0,1
269,35,1,1,0,0,0,0,1,135,0,0,1,0,1,0,0,1
270,33,1,1,0,0,0,0,1,31,1,0,1,0,0,0,1,0
271,25,1,0,0,1,0,0,1,0,1,0,3,0,1,0,1,0
272,41,0,0,1,0,0,0,1,19,0,1,2,0,1,0,0,1
273,37,0,1,0,0,1,0,0,29,1,1,1,0,0,0,1,0
274,32,1,0,0,1,0,1,0,7,0,0,3,0,1,0,0,1
275,63,0,1,0,0,0,0,1,77,0,0,1,1,1,0,0,1
276,45,1,0,0,1,0,0,1,7,0,0,3,0,0,0,0,1
277,33,1,0,1,0,0,0,1,0,1,0,2,0,0,0,1,0
278,7,0,0,0,1,0,1,0,29,1,1,3,4,0,1,0,0
279,35,0,0,0,1,0,0,1,20,0,1,3,1,1,0,0,1
280,65,1,0,0,1,0,1,0,7,1,0,3,0,0,0,1,0
281,28,1,0,0,1,0,0,1,7,1,0,3,0,0,0,1,0
282,16,1,0,0,1,0,0,1,9,1,0,3,0,0,0,1,0
283,19,1,0,0,1,0,0,1,8,1,0,3,0,1,0,1,0
284,33,1,1,0,0,0,0,1,26,1,0,1,0,0,0,1,0
285,33,1,0,0,1,1,0,0,8,1,0,3,0,0,0,1,0
286,30,1,0,0,1,0,0,1,9,1,0,3,0,1,0,1,0
287,22,1,0,0,1,0,0,1,7,1,0,3,0,0,0,1,0
288,42,1,0,1,0,0,0,1,13,1,0,2,0,1,0,1,0
289,22,1,0,0,1,0,1,0,7,0,0,3,0,1,0,0,1
290,26,1,1,0,0,0,0,1,78,0,0,1,0,1,0,0,1
291,19,0,1,0,0,1,0,0,91,0,0,1,1,1,0,0,1
292,36,1,0,1,0,1,0,0,12,1,0,2,0,0,0,1,0
293,24,1,0,0,1,0,0,1,8,0,0,3,0,0,0,0,1
294,24,1,0,0,1,0,0,1,7,1,0,3,0,0,0,1,0
295,33,1,1,0,0,1,0,0,27,1,0,1,0,0,0,1,0
296,23,1,0,0,1,1,0,0,7,1,0,3,0,0,0,1,0
297,2,0,1,0,0,0,0,1,151,0,2,1,1,0,1,0,0
298,33,1,1,0,0,0,0,1,30,1,0,1,0,1,0,1,0
299,50,0,1,0,0,1,0,0,247,0,1,1,0,1,0,0,1
300,32,1,0,0,1,0,1,0,7,0,0,3,0,1,0,0,1
301,33,0,0,0,1,0,1,0,23,1,0,3,2,1,0,1,0
302,19,1,0,0,1,0,0,1,0,1,0,3,0,0,0,1,0
303,32,1,0,1,0,0,1,0,12,0,0,2,0,1,0,0,1
304,33,1,0,0,1,0,0,1,8,1,0,3,0,0,0,1,0
305,0,0,1,0,0,0,0,1,151,1,2,1,1,1,1,0,0
306,32,1,1,0,0,1,0,0,110,0,0,1,0,1,0,0,1
307,17,0,1,0,0,1,0,0,108,0,0,1,1,1,0,0,1
308,30,0,0,1,0,1,0,0,24,1,0,2,1,0,0,1,0
309,30,1,1,0,0,1,0,0,56,0,0,1,0,1,0,0,1
310,24,1,1,0,0,1,0,0,83,0,0,1,0,1,0,0,1
311,18,0,1,0,0,1,0,0,262,0,2,1,2,1,0,0,1
312,26,0,0,1,0,0,0,1,26,0,1,2,1,0,0,0,1
313,28,1,0,0,1,0,0,1,7,1,0,3,0,0,0,1,0
314,43,0,0,1,0,0,0,1,26,1,1,2,1,0,0,1,0
315,26,1,0,0,1,0,0,1,7,0,0,3,0,1,0,0,1
316,24,0,0,1,0,0,0,1,26,0,0,2,1,1,0,0,1
317,54,1,0,1,0,0,0,1,14,1,0,2,0,0,0,1,0
318,31,0,1,0,0,0,0,1,164,0,2,1,0,1,0,0,1
319,40,0,1,0,0,1,0,0,134,0,1,1,1,1,0,0,1
320,22,1,0,0,1,0,0,1,7,1,0,3,0,0,0,1,0
321,27,1,0,0,1,0,0,1,7,1,0,3,0,0,0,1,0
322,30,1,0,1,0,0,1,0,12,0,0,2,0,1,0,0,1
323,22,0,0,1,0,0,0,1,29,0,1,2,1,1,0,0,1
324,33,0,0,0,1,0,0,1,69,1,2,3,8,0,0,1,0
325,36,1,1,0,0,1,0,0,135,0,0,1,0,1,0,0,1
326,61,1,0,0,1,0,0,1,6,1,0,3,0,0,0,1,0
327,36,1,0,1,0,0,0,1,13,0,0,2,0,1,0,0,1
328,31,0,0,0,1,0,0,1,20,0,1,3,1,1,0,0,1
329,16,0,1,0,0,1,0,0,57,0,1,1,0,1,0,0,1
330,32,0,0,0,1,0,1,0,23,0,0,3,2,1,0,0,1
331,45,1,1,0,0,0,0,1,28,1,0,1,0,0,0,1,0
332,38,0,1,0,0,0,0,1,153,1,1,1,0,0,0,1,0
333,16,0,0,0,1,0,0,1,18,1,0,3,2,0,0,1,0
334,32,0,1,0,0,0,0,1,133,0,0,1,1,1,0,0,1
335,33,1,0,0,1,0,0,1,7,1,0,3,0,0,0,1,0
336,29,0,1,0,0,0,0,1,66,1,0,1,1,0,0,1,0
337,41,1,1,0,0,1,0,0,134,0,0,1,0,1,0,0,1
338,45,1,0,0,1,0,0,1,8,1,0,3,0,1,0,1,0
339,45,1,1,0,0,0,0,1,35,1,0,1,0,0,0,1,0
340,2,0,0,1,0,0,0,1,26,1,1,2,1,1,1,0,0
341,24,0,1,0,0,0,0,1,263,0,2,1,3,1,0,0,1
342,28,1,0,1,0,0,0,1,13,1,0,2,0,0,0,1,0
343,25,1,0,1,0,0,0,1,13,1,0,2,0,0,0,1,0
344,36,1,0,1,0,0,0,1,13,1,0,2,0,0,0,1,0
345,24,1,0,1,0,0,0,1,13,0,0,2,0,1,0,0,1
346,40,1,0,1,0,0,0,1,13,0,0,2,0,1,0,0,1
347,32,0,0,0,1,0,0,1,16,0,0,3,1,1,0,0,1
348,3,0,0,0,1,0,0,1,15,1,1,3,1,1,1,0,0
349,42,1,0,0,1,0,0,1,8,1,0,3,0,0,0,1,0
350,23,1,0,0,1,0,0,1,9,1,0,3,0,0,0,1,0
351,33,1,1,0,0,0,0,1,35,1,0,1,0,0,0,1,0
352,15,0,0,0,1,1,0,0,7,1,1,3,1,0,1,0,0
353,25,0,0,0,1,0,0,1,17,1,0,3,1,0,0,1,0
354,33,1,0,0,1,1,0,0,7,1,0,3,0,0,0,1,0
355,28,1,0,0,1,0,0,1,9,1,0,3,0,0,0,1,0
356,22,0,1,0,0,0,0,1,55,0,1,1,0,1,0,0,1
357,38,1,0,1,0,0,0,1,13,0,0,2,0,0,0,0,1
358,32,1,0,0,1,0,1,0,7,0,0,3,0,1,0,0,1
359,32,1,0,0,1,0,1,0,7,0,0,3,0,1,0,0,1
360,40,0,0,0,1,0,0,1,27,1,4,3,1,0,0,1,0
361,29,0,0,1,0,1,0,0,27,1,0,2,1,0,0,1,0
362,45,0,0,0,1,1,0,0,14,0,1,3,0,0,0,0,1
363,35,1,0,0,1,0,0,1,7,1,0,3,0,0,0,1,0
364,33,0,0,0,1,0,1,0,15,1,0,3,1,0,0,1,0
365,30,1,0,0,1,0,0,1,7,1,0,3,0,0,0,1,0
366,60,0,1,0,0,1,0,0,75,0,0,1,1,1,0,0,1
367,32,1,0,0,1,1,0,0,7,0,0,3,0,1,0,0,1
368,32,1,0,0,1,0,1,0,7,0,0,3,0,1,0,0,1
369,24,1,1,0,0,1,0,0,69,0,0,1,0,1,0,0,1
370,25,0,1,0,0,1,0,0,55,1,0,1,1,1,0,1,0
371,18,0,0,0,1,0,0,1,6,1,0,3,1,0,0,1,0
372,19,1,0,0,1,0,0,1,8,1,0,3,0,0,0,1,0
373,22,1,1,0,0,1,0,0,135,1,0,1,0,0,0,1,0
374,3,0,0,0,1,0,0,1,21,0,1,3,3,0,1,0,0
375,32,0,1,0,0,1,0,0,82,0,0,1,1,1,0,0,1
376,22,1,0,0,1,0,0,1,7,0,0,3,0,1,0,0,1
377,27,0,1,0,0,1,0,0,211,1,2,1,0,0,0,1,0
378,20,1,0,0,1,1,0,0,4,1,0,3,0,0,0,1,0
379,19,1,0,0,1,0,0,1,7,1,0,3,0,0,0,1,0
380,42,1,1,0,0,1,0,0,227,0,0,1,0,1,0,0,1
381,1,0,0,0,1,1,0,0,15,0,2,3,0,1,1,0,0
382,32,1,0,0,1,0,0,1,7,1,0,3,0,0,0,1,0
383,35,0,1,0,0,0,0,1,52,0,0,1,1,1,0,0,1
384,33,1,0,0,1,0,0,1,7,1,0,3,0,0,0,1,0
385,18,1,0,1,0,0,0,1,73,1,0,2,0,0,0,1,0
386,1,0,0,0,1,0,0,1,46,1,2,3,5,0,1,0,0
387,36,1,0,1,0,0,0,1,13,0,0,2,0,1,0,0,1
388,33,1,0,0,1,0,1,0,7,1,0,3,0,0,0,1,0
389,17,1,0,1,0,1,0,0,12,0,0,2,0,1,0,0,1
390,36,0,1,0,0,0,0,1,120,1,2,1,1,1,0,1,0
391,21,1,0,0,1,0,0,1,7,1,0,3,0,1,0,1,0
392,28,0,0,0,1,0,0,1,7,1,0,3,2,0,0,1,0
393,23,0,1,0,0,1,0,0,113,0,0,1,1,1,0,0,1
394,24,0,0,0,1,0,0,1,16,0,2,3,0,1,0,0,1
395,22,1,0,0,1,0,0,1,7,1,0,3,0,0,0,1,0
396,31,1,0,0,1,0,0,1,7,0,0,3,0,0,0,0,1
397,46,1,0,1,0,0,0,1,26,1,0,2,0,0,0,1,0
398,23,1,0,1,0,0,0,1,10,1,0,2,0,0,0,1,0
399,28,1,0,1,0,0,0,1,12,0,0,2,0,1,0,0,1
400,39,1,0,0,1,0,0,1,7,1,0,3,0,1,0,1,0
401,26,1,0,0,1,0,0,1,8,1,0,3,0,0,0,1,0
402,21,0,0,0,1,0,0,1,9,0,0,3,1,0,0,0,1
403,28,0,0,0,1,0,0,1,15,1,0,3,1,0,0,1,0
404,20,1,0,0,1,0,0,1,8,0,0,3,0,0,0,0,1
405,34,0,0,1,0,0,0,1,21,1,0,2,1,0,0,1,0
406,51,1,0,0,1,0,0,1,7,1,0,3,0,0,0,1,0
407,3,0,0,1,0,0,0,1,18,1,1,2,1,1,1,0,0
408,21,1,0,0,1,0,0,1,7,1,0,3,0,0,0,1,0
409,32,0,0,0,1,0,0,1,25,0,1,3,3,0,0,0,1
410,33,1,0,0,1,0,0,1,7,1,0,3,0,0,0,1,0
411,33,1,0,0,1,0,1,0,6,1,0,3,0,0,0,1,0
412,33,0,1,0,0,0,1,0,90,0,0,1,1,1,0,0,1
413,33,1,0,1,0,0,0,1,0,1,0,2,0,0,0,1,0
414,44,1,0,0,1,0,0,1,7,1,0,3,0,1,0,1,0
415,32,1,0,0,1,0,0,1,8,0,0,3,0,0,0,0,1
416,34,0,0,1,0,0,0,1,32,0,1,2,1,1,0,0,1
417,18,0,0,1,0,0,0,1,13,0,2,2,0,1,0,0,1
418,30,1,0,1,0,0,0,1,13,1,0,2,0,0,0,1,0
419,10,0,0,0,1,0,0,1,24,0,2,3,0,0,1,0,0
420,33,1,0,0,1,1,0,0,7,1,0,3,0,0,0,1,0
421,21,1,0,0,1,0,1,0,7,1,0,3,0,0,0,1,0
422,29,1,0,0,1,0,0,1,7,1,0,3,0,0,0,1,0
423,28,0,0,0,1,0,0,1,14,0,1,3,1,0,0,0,1
424,18,0,0,0,1,0,0,1,20,1,1,3,1,0,0,1,0
425,33,1,0,0,1,0,0,1,7,1,0,3,0,0,0,1,0
426,28,0,0,1,0,0,0,1,26,0,0,2,1,1,0,0,1
427,19,1,0,1,0,0,0,1,26,0,0,2,0,1,0,0,1
428,33,1,0,0,1,0,1,0,7,1,0,3,0,0,0,1,0
429,32,1,0,0,1,0,0,1,8,1,0,3,0,1,0,1,0
430,28,1,1,0,0,0,0,1,26,1,0,1,0,1,0,1,0
431,32,0,0,0,1,0,0,1,16,0,0,3,1,1,0,0,1
432,42,0,0,1,0,0,0,1,26,0,0,2,1,1,0,0,1
433,17,1,0,0,1,0,0,1,7,1,0,3,0,0,0,1,0
434,50,0,1,0,0,0,0,1,55,1,0,1,1,0,0,1,0
435,14,0,1,0,0,0,0,1,120,0,2,1,1,1,1,0,0
436,21,0,0,0,1,0,0,1,34,0,2,3,2,0,0,0,1
437,24,0,0,1,0,0,0,1,18,0,3,2,2,1,0,0,1
438,64,0,1,0,0,0,0,1,263,1,4,1,1,0,0,1,0
439,31,1,0,1,0,0,0,1,10,1,0,2,0,0,0,1,0
440,45,0,0,1,0,0,0,1,26,0,1,2,1,1,0,0,1
441,20,1,0,0,1,0,0,1,9,1,0,3,0,0,0,1,0
442,25,0,0,0,1,0,0,1,7,1,0,3,1,0,0,1,0
443,28,1,0,1,0,0,0,1,13,0,0,2,0,1,0,0,1
444,33,1,0,0,1,0,0,1,8,1,0,3,0,1,0,1,0
445,4,0,1,0,0,0,0,1,81,1,2,1,0,1,1,0,0
446,13,0,0,1,0,0,0,1,19,0,1,2,0,1,1,0,0
447,34,1,1,0,0,0,0,1,26,1,0,1,0,1,0,1,0
448,5,0,0,0,1,1,0,0,19,0,1,3,2,1,1,0,0
449,52,1,1,0,0,0,0,1,30,1,0,1,0,1,0,1,0
450,36,0,0,1,0,0,0,1,27,1,2,2,1,0,0,1,0
451,33,0,0,0,1,0,0,1,19,1,0,3,1,0,0,1,0
452,30,1,1,0,0,1,0,0,27,1,0,1,0,0,0,1,0
453,49,0,1,0,0,1,0,0,89,1,0,1,1,1,0,1,0
454,33,1,0,0,1,0,0,1,8,1,0,3,0,0,0,1,0
455,29,1,0,0,1,1,0,0,7,1,0,3,0,1,0,1,0
456,65,1,1,0,0,0,0,1,26,1,0,1,0,0,0,1,0
457,32,0,1,0,0,0,0,1,51,0,0,1,1,1,0,0,1
458,50,1,0,1,0,0,0,1,10,0,0,2,0,1,0,0,1
459,33,1,0,0,1,0,1,0,7,1,0,3,0,0,0,1,0
460,48,1,1,0,0,0,0,1,26,1,0,1,0,1,0,1,0
461,34,1,0,0,1,0,0,1,8,1,0,3,0,0,0,1,0
462,47,1,1,0,0,0,0,1,38,1,0,1,0,0,0,1,0
463,48,1,0,1,0,0,0,1,13,1,0,2,0,0,0,1,0
464,33,1,0,0,1,0,0,1,8,1,0,3,0,0,0,1,0
465,38,1,0,0,1,0,0,1,7,1,0,3,0,0,0,1,0
466,33,1,0,1,0,0,0,1,0,1,0,2,0,0,0,1,0
467,56,1,1,0,0,0,0,1,26,1,0,1,0,0,0,1,0
468,33,1,0,0,1,0,1,0,7,1,0,3,0,0,0,1,0
469,0,0,0,0,1,1,0,0,19,0,1,3,2,1,1,0,0
470,33,1,0,0,1,0,0,1,7,1,0,3,0,0,0,1,0
471,38,1,0,0,1,0,0,1,8,1,0,3,0,0,0,1,0
472,33,0,0,1,0,0,0,1,27,0,2,2,1,1,0,0,1
473,23,1,0,1,0,1,0,0,13,0,0,2,0,1,0,0,1
474,22,1,0,0,1,0,0,1,9,0,0,3,0,0,0,0,1
475,33,1,1,0,0,0,0,1,52,1,0,1,0,0,0,1,0
476,34,0,0,1,0,0,0,1,21,1,0,2,1,0,0,1,0
477,29,0,0,0,1,0,0,1,7,1,0,3,1,0,0,1,0
478,22,1,0,0,1,0,0,1,7,1,0,3,0,0,0,1,0
479,2,0,0,0,1,0,0,1,12,0,1,3,0,1,1,0,0
480,9,0,0,0,1,0,0,1,46,1,2,3,5,0,1,0,0
481,33,1,0,1,0,0,0,1,0,1,0,2,0,0,0,1,0
482,50,1,0,0,1,0,0,1,8,1,0,3,0,0,0,1,0
483,63,1,0,0,1,0,0,1,9,0,0,3,0,1,0,0,1
484,25,0,1,0,0,1,0,0,91,1,0,1,1,1,0,1,0
485,32,0,0,0,1,0,0,1,25,0,1,3,3,0,0,0,1
486,35,0,1,0,0,0,0,1,90,0,0,1,1,1,0,0,1
487,58,1,1,0,0,1,0,0,29,1,0,1,0,0,0,1,0
488,30,1,0,0,1,0,0,1,8,1,0,3,0,0,0,1,0
489,9,0,0,0,1,0,0,1,15,1,1,3,1,1,1,0,0
490,33,0,0,0,1,0,0,1,19,1,0,3,1,0,0,1,0
491,21,1,0,0,1,0,0,1,7,1,0,3,0,0,0,1,0
492,55,1,1,0,0,0,0,1,30,1,0,1,0,0,0,1,0
493,71,1,1,0,0,1,0,0,49,1,0,1,0,0,0,1,0
494,21,1,0,0,1,0,0,1,8,1,0,3,0,0,0,1,0
495,33,1,0,0,1,1,0,0,14,1,0,3,0,0,0,1,0
496,54,0,1,0,0,1,0,0,78,0,0,1,1,1,0,0,1
497,33,1,0,0,1,0,0,1,15,1,0,3,0,0,0,1,0
498,25,0,1,0,0,0,0,1,151,0,2,1,1,0,0,0,1
499,24,1,0,0,1,0,0,1,7,1,0,3,0,0,0,1,0
500,17,1,0,0,1,0,0,1,8,1,0,3,0,0,0,1,0
501,21,1,0,0,1,0,1,0,7,0,0,3,0,0,0,0,1
502,32,1,0,0,1,0,1,0,7,0,0,3,0,0,0,0,1
503,37,1,0,0,1,0,0,1,9,0,0,3,0,0,0,0,1
504,16,1,1,0,0,0,0,1,86,0,0,1,0,1,0,0,1
505,18,0,1,0,0,1,0,0,108,1,0,1,1,0,0,1,0
506,33,0,0,1,0,0,0,1,26,0,2,2,0,1,0,0,1
507,33,1,1,0,0,0,0,1,26,1,0,1,0,1,0,1,0
508,28,1,0,0,1,0,0,1,22,1,0,3,0,0,0,1,0
509,26,1,0,0,1,0,0,1,56,1,0,3,0,1,0,1,0
510,29,1,0,0,1,0,1,0,7,1,0,3,0,1,0,1,0
511,33,1,0,0,1,0,0,1,8,1,0,3,0,0,0,1,0
512,36,1,1,0,0,0,0,1,26,1,0,1,0,1,0,1,0
513,54,0,1,0,0,1,0,0,59,0,0,1,1,1,0,0,1
514,24,1,0,0,1,0,0,1,7,1,0,3,0,0,0,1,0
515,47,1,1,0,0,0,0,1,34,1,0,1,0,0,0,1,0
516,34,1,0,1,0,0,0,1,10,0,0,2,0,1,0,0,1
517,33,1,0,0,1,0,1,0,24,1,0,3,0,0,0,1,0
518,36,0,0,1,0,0,0,1,26,0,0,2,1,1,0,0,1
519,32,1,0,0,1,0,0,1,7,1,0,3,0,0,0,1,0
520,30,1,1,0,0,0,0,1,93,0,0,1,0,1,0,0,1
521,22,1,0,0,1,0,0,1,7,1,0,3,0,0,0,1,0
522,33,1,0,0,1,1,0,0,7,1,0,3,0,0,0,1,0
523,44,0,1,0,0,1,0,0,57,0,1,1,0,1,0,0,1
524,33,1,0,0,1,1,0,0,7,1,0,3,0,0,0,1,0
525,40,1,0,0,1,0,1,0,7,1,0,3,0,0,0,1,0
526,50,1,0,1,0,0,0,1,10,0,0,2,0,1,0,0,1
527,33,1,1,0,0,0,0,1,221,1,0,1,0,0,0,1,0
528,39,1,0,0,1,0,0,1,7,1,0,3,0,0,0,1,0
529,23,0,0,1,0,0,0,1,11,1,1,2,2,0,0,1,0
530,2,0,0,1,0,0,0,1,26,0,1,2,1,1,1,0,0
531,33,1,0,0,1,1,0,0,7,1,0,3,0,0,0,1,0
532,17,0,0,0,1,1,0,0,7,1,1,3,1,0,0,1,0
533,32,0,0,0,1,1,0,0,22,0,2,3,0,1,0,0,1
534,30,1,0,0,1,0,0,1,8,0,0,3,0,0,0,0,1
535,7,0,0,1,0,0,0,1,26,0,2,2,0,1,1,0,0
536,45,1,1,0,0,0,0,1,26,1,0,1,0,0,0,1,0
537,30,1,1,0,0,1,0,0,106,0,0,1,0,1,0,0,1
538,33,1,0,0,1,0,0,1,14,1,0,3,0,0,0,1,0
539,22,0,1,0,0,1,0,0,49,0,2,1,0,1,0,0,1
540,36,0,1,0,0,0,0,1,71,0,2,1,0,1,0,0,1
541,9,0,0,0,1,0,0,1,31,0,2,3,4,0,1,0,0
542,11,0,0,0,1,0,0,1,31,0,2,3,4,0,1,0,0
543,32,0,0,1,0,0,0,1,26,1,0,2,1,1,0,1,0
544,50,0,1,0,0,1,0,0,106,1,0,1,1,0,0,1,0
545,64,1,1,0,0,0,0,1,26,1,0,1,0,0,0,1,0
546,19,0,0,1,0,0,0,1,26,0,0,2,1,1,0,0,1
547,33,1,0,1,0,1,0,0,13,1,0,2,0,1,0,1,0
548,33,0,0,0,1,0,0,1,20,1,1,3,1,0,0,1,0
549,8,0,0,1,0,0,0,1,36,1,1,2,1,1,1,0,0
550,17,0,1,0,0,1,0,0,110,1,2,1,0,1,0,1,0
551,27,1,0,1,0,0,0,1,26,1,0,2,0,0,0,1,0
552,33,1,0,0,1,0,1,0,7,1,0,3,0,0,0,1,0
553,22,1,0,0,1,1,0,0,7,1,0,3,0,1,0,1,0
554,22,1,0,0,1,0,0,1,7,0,0,3,0,1,0,0,1
555,62,1,1,0,0,0,0,1,26,1,0,1,0,0,0,1,0
556,48,0,1,0,0,1,0,0,39,0,0,1,1,1,0,0,1
557,33,1,1,0,0,1,0,0,227,1,0,1,0,0,0,1,0
558,39,0,1,0,0,0,0,1,79,0,1,1,1,1,0,0,1
559,36,0,0,0,1,0,0,1,17,0,0,3,1,1,0,0,1
560,33,1,0,0,1,0,1,0,7,1,0,3,0,0,0,1,0
561,40,1,0,0,1,0,0,1,7,1,0,3,0,0,0,1,0
562,28,1,0,1,0,0,0,1,13,1,0,2,0,0,0,1,0
563,33,1,0,0,1,0,0,1,8,1,0,3,0,0,0,1,0
564,32,1,0,0,1,0,0,1,8,0,0,3,0,0,0,0,1
565,24,0,0,0,1,0,0,1,24,1,0,3,2,0,0,1,0
566,19,1,0,0,1,0,0,1,7,1,0,3,0,0,0,1,0
567,29,0,0,0,1,0,0,1,21,0,4,3,0,0,0,0,1
568,33,1,0,0,1,1,0,0,7,1,0,3,0,0,0,1,0
569,32,1,0,0,1,0,0,1,7,1,0,3,0,1,0,1,0
570,62,1,0,1,0,0,0,1,10,1,0,2,0,1,0,1,0
571,53,0,1,0,0,0,0,1,51,0,0,1,2,1,0,0,1
572,36,1,1,0,0,0,0,1,26,1,0,1,0,1,0,1,0
573,32,1,0,0,1,0,1,0,7,0,0,3,0,1,0,0,1
574,16,1,0,0,1,0,0,1,8,1,0,3,0,0,0,1,0
575,19,1,0,0,1,0,0,1,14,1,0,3,0,0,0,1,0
576,34,1,0,1,0,0,0,1,13,0,0,2,0,1,0,0,1
577,39,0,1,0,0,0,0,1,55,0,0,1,1,1,0,0,1
578,32,0,0,0,1,1,0,0,14,0,0,3,1,0,0,0,1
579,32,1,0,0,1,0,0,1,7,1,0,3,0,1,0,1,0
580,25,0,0,1,0,0,0,1,30,0,1,2,1,1,0,0,1
581,39,0,1,0,0,1,0,0,110,0,1,1,1,1,0,0,1
582,54,1,0,1,0,0,0,1,26,1,0,2,0,0,0,1,0
583,36,1,1,0,0,1,0,0,40,1,0,1,0,0,0,1,0
584,33,1,0,0,1,1,0,0,8,1,0,3,0,0,0,1,0
585,18,0,1,0,0,0,0,1,79,0,2,1,0,1,0,0,1
586,47,1,0,1,0,0,0,1,15,1,0,2,0,0,0,1,0
587,60,0,1,0,0,1,0,0,79,1,1,1,1,1,0,1,0
588,22,1,0,0,1,0,0,1,8,1,0,3,0,0,0,1,0
589,33,1,0,0,1,0,0,1,8,1,0,3,0,0,0,1,0
590,35,1,0,0,1,0,0,1,7,1,0,3,0,0,0,1,0
591,52,0,1,0,0,1,0,0,78,0,0,1,1,1,0,0,1
592,47,1,0,0,1,0,0,1,7,1,0,3,0,0,0,1,0
593,32,0,0,0,1,0,1,0,7,0,2,3,0,0,0,0,1
594,37,0,0,1,0,0,0,1,26,1,0,2,1,0,0,1,0
595,36,0,0,0,1,0,0,1,24,1,1,3,1,0,0,1,0
596,32,1,0,1,0,0,0,1,33,0,0,2,0,1,0,0,1
597,49,1,0,0,1,0,0,1,0,1,0,3,0,0,0,1,0
598,33,1,0,0,1,1,0,0,7,1,0,3,0,0,0,1,0
599,49,0,1,0,0,1,0,0,56,1,0,1,1,1,0,1,0
600,24,0,0,1,0,0,0,1,27,0,1,2,2,1,0,0,1
601,33,1,0,0,1,0,0,1,7,1,0,3,0,0,0,1,0
602,33,1,1,0,0,0,0,1,42,1,0,1,0,0,0,1,0
603,44,1,0,0,1,0,0,1,8,1,0,3,0,0,0,1,0
604,35,1,1,0,0,1,0,0,26,1,0,1,0,1,0,1,0
605,36,0,0,0,1,0,0,1,15,1,0,3,1,0,0,1,0
606,30,1,0,0,1,0,0,1,7,1,0,3,0,0,0,1,0
607,27,1,1,0,0,0,0,1,30,1,0,1,0,1,0,1,0
608,22,0,0,1,0,1,0,0,41,0,2,2,1,1,0,0,1
609,40,1,1,0,0,0,0,1,153,0,0,1,0,1,0,0,1
610,39,0,0,0,1,0,0,1,31,0,5,3,1,0,0,0,1
611,33,1,0,0,1,0,0,1,7,1,0,3,0,0,0,1,0
612,32,0,0,0,1,0,1,0,15,0,0,3,1,1,0,0,1
613,33,1,0,0,1,0,1,0,7,1,0,3,0,0,0,1,0
614,35,1,0,0,1,0,0,1,8,1,0,3,0,0,0,1,0
615,24,0,0,1,0,0,0,1,65,0,2,2,1,1,0,0,1
616,34,0,0,0,1,0,0,1,14,1,1,3,1,0,0,1,0
617,26,0,0,0,1,0,0,1,16,0,0,3,1,0,0,0,1
618,4,0,0,1,0,0,0,1,39,0,1,2,2,1,1,0,0
619,26,1,0,1,0,0,0,1,10,1,0,2,0,0,0,1,0
620,27,0,0,0,1,1,0,0,14,1,0,3,1,0,0,1,0
621,42,0,1,0,0,0,0,1,52,1,0,1,1,1,0,1,0
622,20,0,0,0,1,1,0,0,15,1,1,3,1,1,0,1,0
623,21,1,0,0,1,0,0,1,7,1,0,3,0,0,0,1,0
624,21,1,0,0,1,0,0,1,16,1,0,3,0,0,0,1,0
625,61,1,1,0,0,0,0,1,32,1,0,1,0,0,0,1,0
626,57,1,0,1,0,0,1,0,12,1,0,2,0,0,0,1,0
627,21,1,1,0,0,0,0,1,77,0,0,1,0,1,0,0,1
628,26,1,0,0,1,0,0,1,7,1,0,3,0,0,0,1,0
629,33,1,0,0,1,0,1,0,7,1,0,3,0,0,0,1,0
630,80,1,1,0,0,0,0,1,30,1,0,1,0,1,0,1,0
631,51,1,0,0,1,0,0,1,7,1,0,3,0,0,0,1,0
632,32,1,1,0,0,1,0,0,30,1,0,1,0,1,0,1,0
633,33,1,1,0,0,0,0,1,0,1,0,1,0,0,0,1,0
634,9,0,0,0,1,0,0,1,27,0,2,3,3,0,1,0,0
635,28,1,0,1,0,0,0,1,13,0,0,2,0,1,0,0,1
636,32,1,0,0,1,0,0,1,7,1,0,3,0,0,0,1,0
637,31,0,0,1,0,0,0,1,26,1,1,2,1,0,0,1,0
638,41,0,0,0,1,0,0,1,39,0,5,3,0,0,0,0,1
639,33,0,0,0,1,0,0,1,16,1,0,3,1,0,0,1,0
640,20,1,0,0,1,0,0,1,7,1,0,3,0,0,0,1,0
641,24,1,1,0,0,1,0,0,69,0,0,1,0,1,0,0,1
642,2,0,0,0,1,0,0,1,27,0,2,3,3,0,1,0,0
643,33,1,0,0,1,0,0,1,56,1,0,3,0,1,0,1,0
644,0,0,0,0,1,1,0,0,19,0,1,3,2,1,1,0,0
645,48,0,1,0,0,1,0,0,76,1,0,1,1,1,0,1,0
646,19,1,0,0,1,0,0,1,7,1,0,3,0,0,0,1,0
647,56,1,1,0,0,1,0,0,35,1,0,1,0,1,0,1,0
648,33,1,0,0,1,0,0,1,7,1,0,3,0,0,0,1,0
649,23,1,0,0,1,0,0,1,7,0,0,3,0,1,0,0,1
650,33,1,0,0,1,0,0,1,7,1,0,3,0,0,0,1,0
651,18,0,0,1,0,0,0,1,23,0,1,2,0,1,0,0,1
652,21,1,0,0,1,0,0,1,8,1,0,3,0,0,0,1,0
653,32,1,0,0,1,0,1,0,7,0,0,3,0,1,0,0,1
654,18,1,0,0,1,0,1,0,6,0,0,3,0,0,0,0,1
655,24,0,0,1,0,0,0,1,73,1,0,2,2,0,0,1,0
656,33,1,0,0,1,0,0,1,7,1,0,3,0,0,0,1,0
657,32,0,0,0,1,0,1,0,15,0,1,3,1,0,0,0,1
658,23,1,0,1,0,0,0,1,13,1,0,2,0,0,0,1,0
659,58,0,1,0,0,1,0,0,113,1,2,1,0,0,0,1,0
660,50,0,1,0,0,0,0,1,133,1,0,1,2,1,0,1,0
661,40,1,0,0,1,1,0,0,7,1,0,3,0,0,0,1,0
662,47,1,1,0,0,0,0,1,25,1,0,1,0,0,0,1,0
663,36,1,0,0,1,0,0,1,7,1,0,3,0,0,0,1,0
664,20,0,0,0,1,0,0,1,7,1,0,3,1,1,0,1,0
665,32,0,0,1,0,0,0,1,73,1,0,2,2,0,0,1,0
666,25,1,0,1,0,0,0,1,13,1,0,2,0,0,0,1,0
667,33,1,0,0,1,0,0,1,7,1,0,3,0,0,0,1,0
668,43,1,0,0,1,0,0,1,8,1,0,3,0,0,0,1,0
669,32,0,1,0,0,0,0,1,52,0,0,1,1,1,0,0,1
670,40,0,0,1,0,0,0,1,39,0,1,2,1,1,0,0,1
671,31,0,1,0,0,0,0,1,52,1,0,1,1,0,0,1,0
672,70,1,0,1,0,0,0,1,10,1,0,2,0,0,0,1,0
673,31,1,0,1,0,0,0,1,13,1,0,2,0,1,0,1,0
674,33,1,0,1,0,0,0,1,0,1,0,2,0,0,0,1,0
675,18,1,0,0,1,0,0,1,7,1,0,3,0,0,0,1,0
676,24,1,0,0,1,0,0,1,8,1,0,3,0,0,0,1,0
677,18,1,0,0,1,0,0,1,9,0,0,3,0,1,0,0,1
678,43,0,0,0,1,0,0,1,46,0,6,3,1,0,0,0,1
679,36,0,1,0,0,1,0,0,512,1,1,1,0,1,0,1,0
680,32,1,0,0,1,0,1,0,8,0,0,3,0,0,0,0,1
681,27,1,1,0,0,1,0,0,76,1,0,1,0,1,0,1,0
682,20,1,0,0,1,0,0,1,9,1,0,3,0,0,0,1,0
683,14,0,0,0,1,0,0,1,46,1,2,3,5,0,1,0,0
684,60,0,0,1,0,0,0,1,39,1,1,2,1,0,0,1,0
685,25,0,0,1,0,1,0,0,41,1,2,2,1,0,0,1,0
686,14,0,0,0,1,0,0,1,39,1,1,3,4,0,1,0,0
687,19,1,0,0,1,0,0,1,10,1,0,3,0,0,0,1,0
688,18,1,0,0,1,0,0,1,7,1,0,3,0,0,0,1,0
689,15,0,1,0,0,0,0,1,211,0,1,1,0,1,1,0,0
690,31,0,1,0,0,0,0,1,57,1,0,1,1,1,0,1,0
691,4,0,0,0,1,1,0,0,13,0,1,3,0,1,1,0,0
692,33,1,0,0,1,0,0,1,56,1,0,3,0,1,0,1,0
693,25,1,0,0,1,1,0,0,7,1,0,3,0,0,0,1,0
694,60,1,1,0,0,0,0,1,26,1,0,1,0,0,0,1,0
695,52,1,0,1,0,0,0,1,13,1,0,2,0,0,0,1,0
696,44,1,0,0,1,0,0,1,8,1,0,3,0,0,0,1,0
697,32,1,0,0,1,0,1,0,7,0,0,3,0,1,0,0,1
698,49,0,1,0,0,1,0,0,110,1,1,1,1,0,0,1,0
699,42,1,0,0,1,0,0,1,7,1,0,3,0,0,0,1,0
700,18,0,1,0,0,1,0,0,227,0,0,1,1,1,0,0,1
701,35,1,1,0,0,0,0,1,26,1,0,1,0,1,0,1,0
702,18,0,0,0,1,1,0,0,14,0,1,3,0,0,0,0,1
703,25,1,0,0,1,0,1,0,7,1,0,3,0,0,0,1,0
704,26,0,0,0,1,0,0,1,7,1,0,3,1,0,0,1,0
705,39,1,0,1,0,0,0,1,26,1,0,2,0,0,0,1,0
706,45,1,0,1,0,0,0,1,13,0,0,2,0,1,0,0,1
707,42,1,1,0,0,0,0,1,26,1,0,1,0,1,0,1,0
708,22,1,1,0,0,0,0,1,151,0,0,1,0,1,0,0,1
709,33,0,0,0,1,1,0,0,15,1,1,3,1,1,0,1,0
710,24,1,1,0,0,1,0,0,49,0,0,1,0,1,0,0,1
711,33,1,1,0,0,0,0,1,26,1,0,1,0,0,0,1,0
712,48,0,1,0,0,0,0,1,52,1,0,1,1,1,0,1,0
713,29,1,0,0,1,0,0,1,9,1,0,3,0,0,0,1,0
714,52,1,0,1,0,0,0,1,13,1,0,2,0,0,0,1,0
715,19,1,0,0,1,0,0,1,7,1,0,3,0,0,0,1,0
716,38,1,1,0,0,1,0,0,227,0,0,1,0,1,0,0,1
717,27,1,0,1,0,0,0,1,10,0,0,2,0,1,0,0,1
718,33,1,0,0,1,0,1,0,15,1,0,3,0,0,0,1,0
719,33,1,0,0,1,0,0,1,7,1,0,3,0,0,0,1,0
720,6,0,0,1,0,0,0,1,33,0,1,2,0,1,1,0,0
721,17,0,0,0,1,0,0,1,7,1,0,3,1,0,0,1,0
722,34,1,0,1,0,0,0,1,13,1,0,2,0,0,0,1,0
723,50,1,0,1,0,0,0,1,13,1,0,2,0,0,0,1,0
724,27,0,1,0,0,0,0,1,53,1,0,1,1,1,0,1,0
725,20,1,0,0,1,0,0,1,8,1,0,3,0,0,0,1,0
726,30,0,0,1,0,0,0,1,21,0,0,2,3,1,0,0,1
727,32,1,0,0,1,0,1,0,7,0,0,3,0,1,0,0,1
728,25,0,0,1,0,0,0,1,26,1,0,2,1,0,0,1,0
729,25,0,0,0,1,0,0,1,7,0,0,3,1,0,0,0,1
730,29,1,1,0,0,0,0,1,211,0,0,1,0,1,0,0,1
731,11,1,0,0,1,1,0,0,18,1,0,3,0,0,1,0,0
732,33,1,0,1,0,0,0,1,0,1,0,2,0,0,0,1,0
733,23,1,0,1,0,0,0,1,13,1,0,2,0,0,0,1,0
734,23,1,0,1,0,0,0,1,13,1,0,2,0,0,0,1,0
735,28,1,0,0,1,0,0,1,16,1,0,3,0,0,0,1,0
736,48,0,0,0,1,0,0,1,34,0,3,3,1,0,0,0,1
737,35,1,1,0,0,1,0,0,512,1,0,1,0,1,0,1,0
738,33,1,0,0,1,0,0,1,7,1,0,3,0,0,0,1,0
739,33,1,0,0,1,0,0,1,7,1,0,3,0,0,0,1,0
740,33,1,1,0,0,0,0,1,30,1,0,1,0,1,0,1,0
741,36,0,1,0,0,0,0,1,78,1,0,1,1,0,0,1,0
742,21,0,1,0,0,1,0,0,262,0,2,1,2,1,0,0,1
743,24,0,0,0,1,0,0,1,16,1,0,3,1,0,0,1,0
744,31,1,0,0,1,0,0,1,7,1,0,3,0,1,0,1,0
745,70,0,1,0,0,0,0,1,71,1,1,1,1,0,0,1,0
746,16,0,0,0,1,0,0,1,20,1,1,3,1,0,0,1,0
747,30,1,0,1,0,0,0,1,13,0,0,2,0,1,0,0,1
748,19,0,1,0,0,0,0,1,53,1,0,1,1,0,0,1,0
749,31,1,0,0,1,0,1,0,7,1,0,3,0,0,0,1,0
750,4,0,0,1,0,0,0,1,23,0,1,2,1,1,1,0,0
751,6,0,0,0,1,0,0,1,12,1,1,3,0,1,1,0,0
752,33,1,0,0,1,0,0,1,9,1,0,3,0,0,0,1,0
753,23,1,0,0,1,0,0,1,7,1,0,3,0,0,0,1,0
754,48,0,0,1,0,0,0,1,65,0,2,2,1,1,0,0,1
755,0,0,0,1,0,0,0,1,14,1,1,2,1,1,1,0,0
756,28,1,0,0,1,0,0,1,7,1,0,3,0,0,0,1,0
757,18,1,0,1,0,0,0,1,11,1,0,2,0,0,0,1,0
758,34,1,0,0,1,0,0,1,8,1,0,3,0,0,0,1,0
759,33,1,1,0,0,0,0,1,86,0,0,1,0,1,0,0,1
760,33,1,0,0,1,0,0,1,14,1,0,3,0,0,0,1,0
761,41,1,0,0,1,0,0,1,7,1,0,3,0,0,0,1,0
762,20,1,0,0,1,1,0,0,7,1,0,3,0,1,0,1,0
763,36,0,1,0,0,0,0,1,120,0,2,1,1,1,0,0,1
764,16,1,0,0,1,0,0,1,7,1,0,3,0,0,0,1,0
765,51,0,1,0,0,0,0,1,77,0,0,1,1,1,0,0,1
766,33,1,1,0,0,1,0,0,39,1,0,1,0,0,0,1,0
767,30,1,0,0,1,0,1,0,7,0,0,3,0,0,0,0,1
768,33,0,0,0,1,0,1,0,24,1,0,3,1,0,0,1,0
769,32,1,0,0,1,0,0,1,8,1,0,3,0,0,0,1,0
770,24,1,0,0,1,0,0,1,9,1,0,3,0,0,0,1,0
771,48,1,0,0,1,0,0,1,7,1,0,3,0,0,0,1,0
772,57,1,0,1,0,0,0,1,10,0,0,2,0,0,0,0,1
773,33,1,0,0,1,1,0,0,7,1,0,3,0,0,0,1,0
774,54,0,0,1,0,0,0,1,23,0,3,2,1,1,0,0,1
775,18,1,0,0,1,0,0,1,7,1,0,3,0,0,0,1,0
776,33,1,0,0,1,0,1,0,7,1,0,3,0,0,0,1,0
777,5,1,0,0,1,0,0,1,12,0,0,3,0,1,1,0,0
778,33,1,0,0,1,0,1,0,7,1,0,3,0,0,0,1,0
779,43,0,1,0,0,0,0,1,211,0,1,1,0,1,0,0,1
780,13,1,0,0,1,1,0,0,7,0,0,3,0,1,1,0,0
781,17,0,1,0,0,0,0,1,57,0,0,1,1,1,0,0,1
782,29,1,1,0,0,0,0,1,30,1,0,1,0,0,0,1,0
783,33,0,0,0,1,0,0,1,23,1,2,3,1,0,0,1,0
784,25,1,0,0,1,0,0,1,7,1,0,3,0,0,0,1,0
785,25,1,0,0,1,0,0,1,7,1,0,3,0,0,0,1,0
786,18,1,0,0,1,0,0,1,7,0,0,3,0,1,0,0,1
787,8,0,0,0,1,0,1,0,29,1,1,3,4,0,1,0,0
788,1,0,0,0,1,0,0,1,20,1,2,3,1,1,1,0,0
789,46,1,1,0,0,1,0,0,79,1,0,1,0,0,0,1,0
790,33,1,0,0,1,0,1,0,7,1,0,3,0,0,0,1,0
791,16,1,0,1,0,0,0,1,26,1,0,2,0,0,0,1,0
792,32,0,0,0,1,0,0,1,69,0,2,3,8,0,0,0,1
793,33,1,1,0,0,1,0,0,30,1,0,1,0,0,0,1,0
794,25,1,0,0,1,0,0,1,7,1,0,3,0,0,0,1,0
795,39,1,0,1,0,0,0,1,13,1,0,2,0,0,0,1,0
796,49,1,1,0,0,0,0,1,25,0,0,1,0,1,0,0,1
797,31,1,0,0,1,0,0,1,8,0,0,3,0,1,0,0,1
798,30,1,0,0,1,1,0,0,7,1,0,3,0,0,0,1,0
799,30,0,0,0,1,0,0,1,24,0,1,3,1,0,0,0,1
800,34,1,0,1,0,0,0,1,13,1,0,2,0,0,0,1,0
801,31,0,0,1,0,0,0,1,26,0,1,2,1,1,0,0,1
802,11,0,1,0,0,0,0,1,120,1,2,1,1,1,1,0,0
803,0,0,0,0,1,1,0,0,8,1,1,3,0,1,1,0,0
804,27,1,0,0,1,0,0,1,6,1,0,3,0,1,0,1,0
805,31,1,0,0,1,0,0,1,7,1,0,3,0,0,0,1,0
806,39,1,1,0,0,0,0,1,0,1,0,1,0,0,0,1,0
807,18,1,0,0,1,0,0,1,7,0,0,3,0,0,0,0,1
808,39,1,0,1,0,0,0,1,13,1,0,2,0,0,0,1,0
809,33,0,1,0,0,0,0,1,53,0,0,1,1,1,0,0,1
810,26,1,0,0,1,0,0,1,7,1,0,3,0,0,0,1,0
811,39,1,0,0,1,0,0,1,24,1,0,3,0,0,0,1,0
812,35,1,0,1,0,0,0,1,10,1,0,2,0,0,0,1,0
813,6,0,0,0,1,0,0,1,31,0,2,3,4,0,1,0,0
814,30,1,0,0,1,0,0,1,8,1,0,3,0,0,0,1,0
815,33,1,1,0,0,0,0,1,0,1,0,1,0,0,0,1,0
816,23,1,0,0,1,0,0,1,7,0,0,3,0,0,0,0,1
817,31,0,0,1,0,1,0,0,37,1,1,2,1,0,0,1,0
818,43,1,0,0,1,0,0,1,6,1,0,3,0,0,0,1,0
819,10,0,0,0,1,0,0,1,27,1,2,3,3,0,1,0,0
820,52,0,1,0,0,0,0,1,93,0,1,1,1,1,0,0,1
821,27,1,0,0,1,0,0,1,8,1,0,3,0,1,0,1,0
822,38,1,1,0,0,0,0,1,0,1,0,1,0,0,0,1,0
823,27,0,0,0,1,0,0,1,12,0,1,3,0,1,0,0,1
824,2,0,0,0,1,0,0,1,39,1,1,3,4,0,1,0,0
825,33,1,0,0,1,0,1,0,6,1,0,3,0,0,0,1,0
826,33,1,0,0,1,0,0,1,56,1,0,3,0,0,0,1,0
827,1,0,0,1,0,1,0,0,37,1,2,2,0,1,1,0,0
828,33,1,0,0,1,0,1,0,7,1,0,3,0,1,0,1,0
829,62,1,1,0,0,0,0,1,80,0,0,1,0,1,0,0,1
830,15,0,0,0,1,1,0,0,14,0,0,3,1,1,1,0,0
831,0,0,0,1,0,0,0,1,18,1,1,2,1,1,1,0,0
832,33,1,0,0,1,1,0,0,7,1,0,3,0,0,0,1,0
833,23,1,0,0,1,0,0,1,7,1,0,3,0,0,0,1,0
834,18,1,0,0,1,0,0,1,8,1,0,3,0,0,0,1,0
835,39,0,1,0,0,1,0,0,83,0,1,1,1,1,0,0,1
836,21,1,0,0,1,0,0,1,8,1,0,3,0,0,0,1,0
837,33,1,0,0,1,0,0,1,8,1,0,3,0,0,0,1,0
838,32,1,0,0,1,0,0,1,56,1,0,3,0,1,0,1,0
839,33,1,1,0,0,1,0,0,29,1,0,1,0,1,0,1,0
840,20,1,0,0,1,0,0,1,7,1,0,3,0,0,0,1,0
841,16,1,0,1,0,0,0,1,10,1,0,2,0,0,0,1,0
842,30,1,1,0,0,1,0,0,31,0,0,1,0,1,0,0,1
843,34,1,0,0,1,1,0,0,6,1,0,3,0,0,0,1,0
844,17,1,0,0,1,0,0,1,8,1,0,3,0,0,0,1,0
845,42,1,0,0,1,0,0,1,7,1,0,3,0,0,0,1,0
846,33,0,0,0,1,0,0,1,69,1,2,3,8,0,0,1,0
847,35,1,0,0,1,1,0,0,7,1,0,3,0,0,0,1,0
848,28,0,0,1,0,0,0,1,33,1,1,2,0,0,0,1,0
849,32,0,1,0,0,1,0,0,89,0,0,1,1,1,0,0,1
850,4,0,0,0,1,0,0,1,31,1,2,3,4,0,1,0,0
851,74,1,0,0,1,0,0,1,7,1,0,3,0,0,0,1,0
852,9,0,0,0,1,1,0,0,15,0,1,3,1,0,1,0,0
853,16,0,1,0,0,0,0,1,39,0,1,1,0,1,0,0,1
854,44,0,0,1,0,0,0,1,26,0,0,2,1,0,0,0,1
855,18,0,0,0,1,0,0,1,9,0,1,3,0,1,0,0,1
856,45,0,1,0,0,0,0,1,164,0,1,1,1,1,0,0,1
857,51,1,1,0,0,0,0,1,26,1,0,1,0,1,0,1,0
858,24,0,0,0,1,1,0,0,19,0,3,3,0,1,0,0,1
859,33,1,0,0,1,1,0,0,7,1,0,3,0,0,0,1,0
860,41,0,0,0,1,0,0,1,14,1,0,3,2,0,0,1,0
861,21,0,0,1,0,0,0,1,11,1,0,2,1,0,0,1,0
862,48,1,1,0,0,0,0,1,25,0,0,1,0,1,0,0,1
863,32,0,0,0,1,0,0,1,69,0,2,3,8,0,0,0,1
864,24,1,0,1,0,0,0,1,13,1,0,2,0,0,0,1,0
865,42,1,0,1,0,0,0,1,13,0,0,2,0,1,0,0,1
866,27,0,0,1,0,1,0,0,13,0,0,2,1,1,0,0,1
867,31,1,1,0,0,0,0,1,50,1,0,1,0,0,0,1,0
868,33,1,0,0,1,0,0,1,9,1,0,3,0,0,0,1,0
869,4,0,0,0,1,0,0,1,11,1,1,3,1,1,1,0,0
870,26,1,0,0,1,0,0,1,7,1,0,3,0,0,0,1,0
871,47,0,1,0,0,0,0,1,52,0,1,1,1,1,0,0,1
872,33,1,1,0,0,0,0,1,5,1,0,1,0,0,0,1,0
873,47,1,0,0,1,0,0,1,9,1,0,3,0,0,0,1,0
874,28,0,0,1,0,1,0,0,24,0,0,2,1,1,0,0,1
875,15,1,0,0,1,1,0,0,7,0,0,3,0,1,1,0,0
876,20,1,0,0,1,0,0,1,9,1,0,3,0,0,0,1,0
877,19,1,0,0,1,0,0,1,7,1,0,3,0,0,0,1,0
878,33,1,0,0,1,0,0,1,7,1,0,3,0,0,0,1,0
879,56,0,1,0,0,1,0,0,83,0,1,1,0,1,0,0,1
880,25,0,0,1,0,0,0,1,26,0,1,2,0,1,0,0,1
881,33,1,0,0,1,0,0,1,7,1,0,3,0,0,0,1,0
882,22,1,0,0,1,0,0,1,10,0,0,3,0,0,0,0,1
883,28,1,0,1,0,0,0,1,10,1,0,2,0,0,0,1,0
884,25,1,0,0,1,0,0,1,7,1,0,3,0,0,0,1,0
885,39,0,0,0,1,0,1,0,29,0,5,3,0,0,0,0,1
886,27,1,0,1,0,0,0,1,13,1,0,2,0,0,0,1,0
887,19,1,1,0,0,0,0,1,30,0,0,1,0,1,0,0,1
888,32,0,0,0,1,0,0,1,23,0,2,3,1,0,0,0,1
889,26,1,1,0,0,1,0,0,30,1,0,1,0,1,0,1,0
890,32,1,0,0,1,0,1,0,7,1,0,3,0,0,0,1,0
